INSERT INTO CATEGORY (NAME) VALUES ('상의');
INSERT INTO CATEGORY (NAME) VALUES ('아우터');
INSERT INTO CATEGORY (NAME) VALUES ('바지');
INSERT INTO CATEGORY (NAME) VALUES ('스니커즈');
INSERT INTO CATEGORY (NAME) VALUES ('가방');
INSERT INTO CATEGORY (NAME) VALUES ('모자');
INSERT INTO CATEGORY (NAME) VALUES ('양말');
INSERT INTO CATEGORY (NAME) VALUES ('액세서리');

INSERT INTO BRAND (NAME) VALUES ('A');
INSERT INTO BRAND (NAME) VALUES ('B');
INSERT INTO BRAND (NAME) VALUES ('C');
INSERT INTO BRAND (NAME) VALUES ('D');
INSERT INTO BRAND (NAME) VALUES ('E');
INSERT INTO BRAND (NAME) VALUES ('F');
INSERT INTO BRAND (NAME) VALUES ('G');
INSERT INTO BRAND (NAME) VALUES ('H');
INSERT INTO BRAND (NAME) VALUES ('I');

INSERT INTO PRODUCT (NAME, PRICE, CATEGORY_ID, BRAND_ID) VALUES ('상의', 11200, 1, 1);
INSERT INTO PRODUCT (NAME, PRICE, CATEGORY_ID, BRAND_ID) VALUES ('아우터', 5500, 2, 1);
INSERT INTO PRODUCT (NAME, PRICE, CATEGORY_ID, BRAND_ID) VALUES ('바지', 4200, 3, 1);
INSERT INTO PRODUCT (NAME, PRICE, CATEGORY_ID, BRAND_ID) VALUES ('스니커즈', 9000, 4, 1);
INSERT INTO PRODUCT (NAME, PRICE, CATEGORY_ID, BRAND_ID) VALUES ('가방', 2000, 5, 1);
INSERT INTO PRODUCT (NAME, PRICE, CATEGORY_ID, BRAND_ID) VALUES ('모자', 1700, 6, 1);
INSERT INTO PRODUCT (NAME, PRICE, CATEGORY_ID, BRAND_ID) VALUES ('양말', 1800, 7, 1);
INSERT INTO PRODUCT (NAME, PRICE, CATEGORY_ID, BRAND_ID) VALUES ('액세서리', 2300, 8, 1);

INSERT INTO PRODUCT (NAME, PRICE, CATEGORY_ID, BRAND_ID) VALUES ('상의', 10500, 1, 2);
INSERT INTO PRODUCT (NAME, PRICE, CATEGORY_ID, BRAND_ID) VALUES ('아우터', 5900, 2, 2);
INSERT INTO PRODUCT (NAME, PRICE, CATEGORY_ID, BRAND_ID) VALUES ('바지', 3800, 3, 2);
INSERT INTO PRODUCT (NAME, PRICE, CATEGORY_ID, BRAND_ID) VALUES ('스니커즈', 9100, 4, 2);
INSERT INTO PRODUCT (NAME, PRICE, CATEGORY_ID, BRAND_ID) VALUES ('가방', 2100, 5, 2);
INSERT INTO PRODUCT (NAME, PRICE, CATEGORY_ID, BRAND_ID) VALUES ('모자', 2000, 6, 2);
INSERT INTO PRODUCT (NAME, PRICE, CATEGORY_ID, BRAND_ID) VALUES ('양말', 2000, 7, 2);
INSERT INTO PRODUCT (NAME, PRICE, CATEGORY_ID, BRAND_ID) VALUES ('액세서리', 2200, 8, 2);

INSERT INTO PRODUCT (NAME, PRICE, CATEGORY_ID, BRAND_ID) VALUES ('상의', 10000, 1, 3);
INSERT INTO PRODUCT (NAME, PRICE, CATEGORY_ID, BRAND_ID) VALUES ('아우터', 6200, 2, 3);
INSERT INTO PRODUCT (NAME, PRICE, CATEGORY_ID, BRAND_ID) VALUES ('바지', 3300, 3, 3);
INSERT INTO PRODUCT (NAME, PRICE, CATEGORY_ID, BRAND_ID) VALUES ('스니커즈', 9200, 4, 3);
INSERT INTO PRODUCT (NAME, PRICE, CATEGORY_ID, BRAND_ID) VALUES ('가방', 2200, 5, 3);
INSERT INTO PRODUCT (NAME, PRICE, CATEGORY_ID, BRAND_ID) VALUES ('모자', 1900, 6, 3);
INSERT INTO PRODUCT (NAME, PRICE, CATEGORY_ID, BRAND_ID) VALUES ('양말', 2200, 7, 3);
INSERT INTO PRODUCT (NAME, PRICE, CATEGORY_ID, BRAND_ID) VALUES ('액세서리', 2100, 8, 3);

INSERT INTO PRODUCT (NAME, PRICE, CATEGORY_ID, BRAND_ID) VALUES ('상의', 10100, 1, 4);
INSERT INTO PRODUCT (NAME, PRICE, CATEGORY_ID, BRAND_ID) VALUES ('아우터', 5100, 2, 4);
INSERT INTO PRODUCT (NAME, PRICE, CATEGORY_ID, BRAND_ID) VALUES ('바지', 3000, 3, 4);
INSERT INTO PRODUCT (NAME, PRICE, CATEGORY_ID, BRAND_ID) VALUES ('스니커즈', 9500, 4, 4);
INSERT INTO PRODUCT (NAME, PRICE, CATEGORY_ID, BRAND_ID) VALUES ('가방', 2500, 5, 4);
INSERT INTO PRODUCT (NAME, PRICE, CATEGORY_ID, BRAND_ID) VALUES ('모자', 1500, 6, 4);
INSERT INTO PRODUCT (NAME, PRICE, CATEGORY_ID, BRAND_ID) VALUES ('양말', 2400, 7, 4);
INSERT INTO PRODUCT (NAME, PRICE, CATEGORY_ID, BRAND_ID) VALUES ('액세서리', 2000, 8, 4);

INSERT INTO PRODUCT (NAME, PRICE, CATEGORY_ID, BRAND_ID) VALUES ('상의', 10700, 1, 5);
INSERT INTO PRODUCT (NAME, PRICE, CATEGORY_ID, BRAND_ID) VALUES ('아우터', 5000, 2, 5);
INSERT INTO PRODUCT (NAME, PRICE, CATEGORY_ID, BRAND_ID) VALUES ('바지', 3800, 3, 5);
INSERT INTO PRODUCT (NAME, PRICE, CATEGORY_ID, BRAND_ID) VALUES ('스니커즈', 9900, 4, 5);
INSERT INTO PRODUCT (NAME, PRICE, CATEGORY_ID, BRAND_ID) VALUES ('가방', 2300, 5, 5);
INSERT INTO PRODUCT (NAME, PRICE, CATEGORY_ID, BRAND_ID) VALUES ('모자', 1800, 6, 5);
INSERT INTO PRODUCT (NAME, PRICE, CATEGORY_ID, BRAND_ID) VALUES ('양말', 2100, 7, 5);
INSERT INTO PRODUCT (NAME, PRICE, CATEGORY_ID, BRAND_ID) VALUES ('액세서리', 2100, 8, 5);

INSERT INTO PRODUCT (NAME, PRICE, CATEGORY_ID, BRAND_ID) VALUES ('상의', 11200, 1, 6);
INSERT INTO PRODUCT (NAME, PRICE, CATEGORY_ID, BRAND_ID) VALUES ('아우터', 7200, 2, 6);
INSERT INTO PRODUCT (NAME, PRICE, CATEGORY_ID, BRAND_ID) VALUES ('바지', 4000, 3, 6);
INSERT INTO PRODUCT (NAME, PRICE, CATEGORY_ID, BRAND_ID) VALUES ('스니커즈', 9300, 4, 6);
INSERT INTO PRODUCT (NAME, PRICE, CATEGORY_ID, BRAND_ID) VALUES ('가방', 2100, 5, 6);
INSERT INTO PRODUCT (NAME, PRICE, CATEGORY_ID, BRAND_ID) VALUES ('모자', 1600, 6, 6);
INSERT INTO PRODUCT (NAME, PRICE, CATEGORY_ID, BRAND_ID) VALUES ('양말', 2300, 7, 6);
INSERT INTO PRODUCT (NAME, PRICE, CATEGORY_ID, BRAND_ID) VALUES ('액세서리', 1900, 8, 6);

INSERT INTO PRODUCT (NAME, PRICE, CATEGORY_ID, BRAND_ID) VALUES ('상의', 10500, 1, 7);
INSERT INTO PRODUCT (NAME, PRICE, CATEGORY_ID, BRAND_ID) VALUES ('아우터', 5800, 2, 7);
INSERT INTO PRODUCT (NAME, PRICE, CATEGORY_ID, BRAND_ID) VALUES ('바지', 3900, 3, 7);
INSERT INTO PRODUCT (NAME, PRICE, CATEGORY_ID, BRAND_ID) VALUES ('스니커즈', 9000, 4, 7);
INSERT INTO PRODUCT (NAME, PRICE, CATEGORY_ID, BRAND_ID) VALUES ('가방', 2200, 5, 7);
INSERT INTO PRODUCT (NAME, PRICE, CATEGORY_ID, BRAND_ID) VALUES ('모자', 1700, 6, 7);
INSERT INTO PRODUCT (NAME, PRICE, CATEGORY_ID, BRAND_ID) VALUES ('양말', 2100, 7, 7);
INSERT INTO PRODUCT (NAME, PRICE, CATEGORY_ID, BRAND_ID) VALUES ('액세서리', 2000, 8, 7);

INSERT INTO PRODUCT (NAME, PRICE, CATEGORY_ID, BRAND_ID) VALUES ('상의', 10800, 1, 8);
INSERT INTO PRODUCT (NAME, PRICE, CATEGORY_ID, BRAND_ID) VALUES ('아우터', 6300, 2, 8);
INSERT INTO PRODUCT (NAME, PRICE, CATEGORY_ID, BRAND_ID) VALUES ('바지', 3100, 3, 8);
INSERT INTO PRODUCT (NAME, PRICE, CATEGORY_ID, BRAND_ID) VALUES ('스니커즈', 9700, 4, 8);
INSERT INTO PRODUCT (NAME, PRICE, CATEGORY_ID, BRAND_ID) VALUES ('가방', 2100, 5, 8);
INSERT INTO PRODUCT (NAME, PRICE, CATEGORY_ID, BRAND_ID) VALUES ('모자', 1600, 6, 8);
INSERT INTO PRODUCT (NAME, PRICE, CATEGORY_ID, BRAND_ID) VALUES ('양말', 2000, 7, 8);
INSERT INTO PRODUCT (NAME, PRICE, CATEGORY_ID, BRAND_ID) VALUES ('액세서리', 2000, 8, 8);

INSERT INTO PRODUCT (NAME, PRICE, CATEGORY_ID, BRAND_ID) VALUES ('상의', 11400, 1, 9);
INSERT INTO PRODUCT (NAME, PRICE, CATEGORY_ID, BRAND_ID) VALUES ('아우터', 6700, 2, 9);
INSERT INTO PRODUCT (NAME, PRICE, CATEGORY_ID, BRAND_ID) VALUES ('바지', 3200, 3, 9);
INSERT INTO PRODUCT (NAME, PRICE, CATEGORY_ID, BRAND_ID) VALUES ('스니커즈', 9500, 4, 9);
INSERT INTO PRODUCT (NAME, PRICE, CATEGORY_ID, BRAND_ID) VALUES ('가방', 2400, 5, 9);
INSERT INTO PRODUCT (NAME, PRICE, CATEGORY_ID, BRAND_ID) VALUES ('모자', 1700, 6, 9);
INSERT INTO PRODUCT (NAME, PRICE, CATEGORY_ID, BRAND_ID) VALUES ('양말', 1700, 7, 9);
INSERT INTO PRODUCT (NAME, PRICE, CATEGORY_ID, BRAND_ID) VALUES ('액세서리', 2400, 8, 9);



